vocab,batch,filter,mode,median_us,min_us,max_us
32768,1,greedy,cpu_legacy,104.434,103.421,105.016
32768,1,greedy,cpu_keyed,104.816,103.693,106.365
32768,1,greedy,readback_cpu_legacy,275.486,272.087,292.885
32768,1,greedy,readback_cpu_keyed,282.934,271.840,292.684
32768,1,greedy,metal_compact,251.487,245.818,301.948
32768,1,greedy,metal_queued,37.883,35.535,74.549
32768,1,categorical,cpu_legacy,108.025,107.617,108.457
32768,1,categorical,cpu_keyed,155.918,153.306,157.801
32768,1,categorical,readback_cpu_legacy,274.926,273.915,278.163
32768,1,categorical,readback_cpu_keyed,322.156,318.934,330.671
32768,1,categorical,metal_compact,255.307,251.145,262.983
32768,1,categorical,metal_queued,43.798,43.273,44.398
32768,1,topk40_p90,cpu_legacy,222.500,221.493,223.626
32768,1,topk40_p90,cpu_keyed,248.366,246.548,250.953
32768,1,topk40_p90,readback_cpu_legacy,390.427,385.931,399.836
32768,1,topk40_p90,readback_cpu_keyed,415.125,412.271,422.152
32768,1,topk40_p90,metal_compact,380.003,378.945,408.456
32768,1,topk40_p90,metal_queued,110.251,109.743,116.142
32768,8,greedy,cpu_legacy,201.491,192.090,220.447
32768,8,greedy,cpu_keyed,221.553,190.552,245.333
32768,8,greedy,readback_cpu_legacy,437.694,431.283,584.159
32768,8,greedy,readback_cpu_keyed,440.857,433.858,480.866
32768,8,greedy,metal_compact,440.741,435.346,461.685
32768,8,greedy,metal_queued,97.099,96.052,98.663
32768,8,categorical,cpu_legacy,237.147,207.992,239.561
32768,8,categorical,cpu_keyed,273.241,269.991,284.141
32768,8,categorical,readback_cpu_legacy,479.107,460.783,490.439
32768,8,categorical,readback_cpu_keyed,539.935,526.342,549.504
32768,8,categorical,metal_compact,460.117,449.125,487.905
32768,8,categorical,metal_queued,100.840,97.522,102.049
32768,8,topk40_p90,cpu_legacy,370.043,357.908,375.940
32768,8,topk40_p90,cpu_keyed,396.034,375.234,405.966
32768,8,topk40_p90,readback_cpu_legacy,626.835,615.299,650.376
32768,8,topk40_p90,readback_cpu_keyed,642.328,632.312,654.951
32768,8,topk40_p90,metal_compact,777.572,750.630,805.634
32768,8,topk40_p90,metal_queued,307.022,304.786,310.542
131072,1,greedy,cpu_legacy,428.367,416.790,434.615
131072,1,greedy,cpu_keyed,421.040,416.629,428.939
131072,1,greedy,readback_cpu_legacy,632.639,603.870,647.047
131072,1,greedy,readback_cpu_keyed,626.493,602.667,642.988
131072,1,greedy,metal_compact,328.043,320.626,382.993
131072,1,greedy,metal_queued,112.672,76.599,135.755
131072,1,categorical,cpu_legacy,429.892,428.575,432.879
131072,1,categorical,cpu_keyed,614.348,609.648,618.505
131072,1,categorical,readback_cpu_legacy,682.217,617.362,736.241
131072,1,categorical,readback_cpu_keyed,828.529,797.307,1030.634
131072,1,categorical,metal_compact,358.417,311.171,401.292
131072,1,categorical,metal_queued,115.908,80.236,129.415
131072,1,topk40_p90,cpu_legacy,892.264,889.612,906.626
131072,1,topk40_p90,cpu_keyed,996.210,985.539,1004.964
131072,1,topk40_p90,readback_cpu_legacy,1453.542,1432.880,1475.770
131072,1,topk40_p90,readback_cpu_keyed,1596.702,1538.029,1602.660
131072,1,topk40_p90,metal_compact,523.427,522.585,542.527
131072,1,topk40_p90,metal_queued,203.854,202.297,204.767
131072,8,greedy,cpu_legacy,554.251,539.643,574.962
131072,8,greedy,cpu_keyed,544.236,533.553,554.385
131072,8,greedy,readback_cpu_legacy,1353.608,1255.421,1416.310
131072,8,greedy,readback_cpu_keyed,1352.996,1327.723,1437.767
131072,8,greedy,metal_compact,670.358,658.503,700.562
131072,8,greedy,metal_queued,167.934,166.345,170.048
131072,8,categorical,cpu_legacy,587.486,577.978,596.861
131072,8,categorical,cpu_keyed,814.626,789.952,845.671
131072,8,categorical,readback_cpu_legacy,1386.874,1367.820,1495.527
131072,8,categorical,readback_cpu_keyed,1651.078,1551.422,1835.984
131072,8,categorical,metal_compact,702.055,686.025,720.966
131072,8,categorical,metal_queued,176.915,173.388,178.688
131072,8,topk40_p90,cpu_legacy,1181.842,1127.260,1480.161
131072,8,topk40_p90,cpu_keyed,1224.083,1188.621,1327.983
131072,8,topk40_p90,readback_cpu_legacy,2047.440,1893.391,2227.309
131072,8,topk40_p90,readback_cpu_keyed,2120.811,2018.268,2836.940
131072,8,topk40_p90,metal_compact,1617.326,1602.204,1710.415
131072,8,topk40_p90,metal_queued,860.776,856.009,866.802
